+transaction_id,timestamp,sender_vpa,receiver_vpa,amount,is_new_beneficiary
TXN-RING-001,2026-08-20T14:37:00.000Z,mule-a@upi,mule-b@upi,50000,true
TXN-RING-002,2026-08-20T14:37:01.000Z,mule-b@upi,mule-c@upi,48000,true
TXN-RING-003,2026-08-20T14:37:02.000Z,mule-c@upi,mule-d@upi,46000,true
TXN-RING-004,2026-08-20T14:37:03.000Z,mule-d@upi,mule-e@upi,44000,true
TXN-RING-005,2026-08-20T14:37:04.000Z,mule-e@upi,mule-a@upi,42000,true
TXN-RING-006,2026-08-20T14:37:05.000Z,mule-a@upi,mule-c@upi,25000,true
TXN-RING-007,2026-08-20T14:37:06.000Z,mule-c@upi,mule-e@upi,25000,true
TXN-RING-008,2026-08-20T14:37:07.000Z,mule-b@upi,mule-d@upi,25000,true
TXN-NORMAL-001,2026-08-20T14:01:00.000Z,arun.k@upi,market@upi,286,true
TXN-NORMAL-002,2026-08-20T14:01:17.000Z,vikram.t@upi,cafe@upi,499,false
TXN-NORMAL-003,2026-08-20T14:01:34.000Z,neel.a@upi,grocer@upi,735,false
TXN-NORMAL-004,2026-08-20T14:02:51.000Z,meera.s@upi,dairy@upi,1200,false
TXN-NORMAL-005,2026-08-20T14:02:08.000Z,pooja.m@upi,fuel@upi,1840,false
TXN-NORMAL-006,2026-08-20T14:02:25.000Z,tara.p@upi,repair@upi,2300,false
TXN-NORMAL-007,2026-08-20T14:03:42.000Z,lakshmi.r@upi,utility@upi,3575,false
TXN-NORMAL-008,2026-08-20T14:03:59.000Z,kiran.d@upi,vendor@upi,4900,false
TXN-NORMAL-009,2026-08-20T14:03:16.000Z,zoya.h@upi,artisan@upi,612,false
TXN-NORMAL-010,2026-08-20T14:04:33.000Z,dev.p@upi,local@upi,975,true
TXN-NORMAL-011,2026-08-20T14:04:50.000Z,amit.v@upi,pharmacy@upi,1550,false
TXN-NORMAL-012,2026-08-20T14:04:07.000Z,suraj.m@upi,rent@upi,2250,false
TXN-NORMAL-013,2026-08-20T14:05:24.000Z,sana.j@upi,tailor@upi,899,false
TXN-NORMAL-014,2026-08-20T14:05:41.000Z,farah.q@upi,school@upi,1299,false
TXN-NORMAL-015,2026-08-20T14:05:58.000Z,anaya.d@upi,books@upi,3200,false
TXN-NORMAL-016,2026-08-20T14:06:15.000Z,ravi.n@upi,clinic@upi,286,false
TXN-NORMAL-017,2026-08-20T14:06:32.000Z,manoj.b@upi,family@upi,499,false
TXN-NORMAL-018,2026-08-20T14:06:49.000Z,rohan.k@upi,travel@upi,735,false
TXN-NORMAL-019,2026-08-20T14:07:06.000Z,nisha.g@upi,fresh@upi,1200,true
TXN-NORMAL-020,2026-08-20T14:07:23.000Z,ishita.c@upi,merchant@upi,1840,false
TXN-NORMAL-021,2026-08-20T14:07:40.000Z,arun.k@upi,market@upi,2300,false
TXN-NORMAL-022,2026-08-20T14:08:57.000Z,vikram.t@upi,cafe@upi,3575,false
TXN-NORMAL-023,2026-08-20T14:08:14.000Z,neel.a@upi,grocer@upi,4900,false
TXN-NORMAL-024,2026-08-20T14:08:31.000Z,meera.s@upi,dairy@upi,612,false
TXN-NORMAL-025,2026-08-20T14:09:48.000Z,pooja.m@upi,fuel@upi,975,false
TXN-NORMAL-026,2026-08-20T14:09:05.000Z,tara.p@upi,repair@upi,1550,false
TXN-NORMAL-027,2026-08-20T14:09:22.000Z,lakshmi.r@upi,utility@upi,2250,false
TXN-NORMAL-028,2026-08-20T14:10:39.000Z,kiran.d@upi,vendor@upi,899,true
TXN-NORMAL-029,2026-08-20T14:10:56.000Z,zoya.h@upi,artisan@upi,1299,false
TXN-NORMAL-030,2026-08-20T14:10:13.000Z,dev.p@upi,local@upi,3200,false
TXN-NORMAL-031,2026-08-20T14:11:30.000Z,amit.v@upi,pharmacy@upi,286,false
TXN-NORMAL-032,2026-08-20T14:11:47.000Z,suraj.m@upi,rent@upi,499,false
TXN-NORMAL-033,2026-08-20T14:11:04.000Z,sana.j@upi,tailor@upi,735,false
TXN-NORMAL-034,2026-08-20T14:12:21.000Z,farah.q@upi,school@upi,1200,false
TXN-NORMAL-035,2026-08-20T14:12:38.000Z,anaya.d@upi,books@upi,1840,false
TXN-NORMAL-036,2026-08-20T14:12:55.000Z,ravi.n@upi,clinic@upi,2300,false
TXN-NORMAL-037,2026-08-20T14:13:12.000Z,manoj.b@upi,family@upi,3575,true
TXN-NORMAL-038,2026-08-20T14:13:29.000Z,rohan.k@upi,travel@upi,4900,false
TXN-NORMAL-039,2026-08-20T14:13:46.000Z,nisha.g@upi,fresh@upi,612,false
TXN-NORMAL-040,2026-08-20T14:14:03.000Z,ishita.c@upi,merchant@upi,975,false
TXN-NORMAL-041,2026-08-20T14:14:20.000Z,arun.k@upi,market@upi,1550,false
TXN-NORMAL-042,2026-08-20T14:14:37.000Z,vikram.t@upi,cafe@upi,2250,false
TXN-NORMAL-043,2026-08-20T14:15:54.000Z,neel.a@upi,grocer@upi,899,false
TXN-NORMAL-044,2026-08-20T14:15:11.000Z,meera.s@upi,dairy@upi,1299,false
TXN-NORMAL-045,2026-08-20T14:15:28.000Z,pooja.m@upi,fuel@upi,3200,false
TXN-NORMAL-046,2026-08-20T14:16:45.000Z,tara.p@upi,repair@upi,286,true
TXN-NORMAL-047,2026-08-20T14:16:02.000Z,lakshmi.r@upi,utility@upi,499,false
TXN-NORMAL-048,2026-08-20T14:16:19.000Z,kiran.d@upi,vendor@upi,735,false
TXN-NORMAL-049,2026-08-20T14:17:36.000Z,zoya.h@upi,artisan@upi,1200,false
TXN-NORMAL-050,2026-08-20T14:17:53.000Z,dev.p@upi,local@upi,1840,false
TXN-NORMAL-051,2026-08-20T14:17:10.000Z,amit.v@upi,pharmacy@upi,2300,false
TXN-NORMAL-052,2026-08-20T14:18:27.000Z,suraj.m@upi,rent@upi,3575,false
TXN-NORMAL-053,2026-08-20T14:18:44.000Z,sana.j@upi,tailor@upi,4900,false
TXN-NORMAL-054,2026-08-20T14:18:01.000Z,farah.q@upi,school@upi,612,false
TXN-NORMAL-055,2026-08-20T14:19:18.000Z,anaya.d@upi,books@upi,975,true
TXN-NORMAL-056,2026-08-20T14:19:35.000Z,ravi.n@upi,clinic@upi,1550,false
TXN-NORMAL-057,2026-08-20T14:19:52.000Z,manoj.b@upi,family@upi,2250,false
TXN-NORMAL-058,2026-08-20T14:20:09.000Z,rohan.k@upi,travel@upi,899,false
TXN-NORMAL-059,2026-08-20T14:20:26.000Z,nisha.g@upi,fresh@upi,1299,false
TXN-NORMAL-060,2026-08-20T14:20:43.000Z,ishita.c@upi,merchant@upi,3200,false
TXN-NORMAL-061,2026-08-20T14:21:00.000Z,arun.k@upi,market@upi,286,false
TXN-NORMAL-062,2026-08-20T14:21:17.000Z,vikram.t@upi,cafe@upi,499,false
TXN-NORMAL-063,2026-08-20T14:21:34.000Z,neel.a@upi,grocer@upi,735,false
TXN-NORMAL-064,2026-08-20T14:22:51.000Z,meera.s@upi,dairy@upi,1200,true
TXN-NORMAL-065,2026-08-20T14:22:08.000Z,pooja.m@upi,fuel@upi,1840,false
TXN-NORMAL-066,2026-08-20T14:22:25.000Z,tara.p@upi,repair@upi,2300,false
TXN-NORMAL-067,2026-08-20T14:23:42.000Z,lakshmi.r@upi,utility@upi,3575,false
TXN-NORMAL-068,2026-08-20T14:23:59.000Z,kiran.d@upi,vendor@upi,4900,false
TXN-NORMAL-069,2026-08-20T14:23:16.000Z,zoya.h@upi,artisan@upi,612,false
TXN-NORMAL-070,2026-08-20T14:24:33.000Z,dev.p@upi,local@upi,975,false
TXN-NORMAL-071,2026-08-20T14:24:50.000Z,amit.v@upi,pharmacy@upi,1550,false
TXN-NORMAL-072,2026-08-20T14:24:07.000Z,suraj.m@upi,rent@upi,2250,false
TXN-NORMAL-073,2026-08-20T14:25:24.000Z,sana.j@upi,tailor@upi,899,true
TXN-NORMAL-074,2026-08-20T14:25:41.000Z,farah.q@upi,school@upi,1299,false
TXN-NORMAL-075,2026-08-20T14:25:58.000Z,anaya.d@upi,books@upi,3200,false
TXN-NORMAL-076,2026-08-20T14:26:15.000Z,ravi.n@upi,clinic@upi,286,false
TXN-NORMAL-077,2026-08-20T14:26:32.000Z,manoj.b@upi,family@upi,499,false
TXN-NORMAL-078,2026-08-20T14:26:49.000Z,rohan.k@upi,travel@upi,735,false
TXN-NORMAL-079,2026-08-20T14:27:06.000Z,nisha.g@upi,fresh@upi,1200,false
TXN-NORMAL-080,2026-08-20T14:27:23.000Z,ishita.c@upi,merchant@upi,1840,false
TXN-NORMAL-081,2026-08-20T14:27:40.000Z,arun.k@upi,market@upi,2300,false
TXN-NORMAL-082,2026-08-20T14:28:57.000Z,vikram.t@upi,cafe@upi,3575,true
TXN-NORMAL-083,2026-08-20T14:28:14.000Z,neel.a@upi,grocer@upi,4900,false
TXN-NORMAL-084,2026-08-20T14:28:31.000Z,meera.s@upi,dairy@upi,612,false
TXN-NORMAL-085,2026-08-20T14:29:48.000Z,pooja.m@upi,fuel@upi,975,false
TXN-NORMAL-086,2026-08-20T14:29:05.000Z,tara.p@upi,repair@upi,1550,false
TXN-NORMAL-087,2026-08-20T14:29:22.000Z,lakshmi.r@upi,utility@upi,2250,false
TXN-NORMAL-088,2026-08-20T14:30:39.000Z,kiran.d@upi,vendor@upi,899,false
TXN-NORMAL-089,2026-08-20T14:30:56.000Z,zoya.h@upi,artisan@upi,1299,false
TXN-NORMAL-090,2026-08-20T14:30:13.000Z,dev.p@upi,local@upi,3200,false
TXN-NORMAL-091,2026-08-20T14:31:30.000Z,amit.v@upi,pharmacy@upi,286,true
TXN-NORMAL-092,2026-08-20T14:31:47.000Z,suraj.m@upi,rent@upi,499,false
TXN-NORMAL-093,2026-08-20T14:31:04.000Z,sana.j@upi,tailor@upi,735,false
TXN-NORMAL-094,2026-08-20T14:32:21.000Z,farah.q@upi,school@upi,1200,false
TXN-NORMAL-095,2026-08-20T14:32:38.000Z,anaya.d@upi,books@upi,1840,false
TXN-NORMAL-096,2026-08-20T14:32:55.000Z,ravi.n@upi,clinic@upi,2300,false
TXN-NORMAL-097,2026-08-20T14:33:12.000Z,manoj.b@upi,family@upi,3575,false
TXN-NORMAL-098,2026-08-20T14:33:29.000Z,rohan.k@upi,travel@upi,4900,false
TXN-NORMAL-099,2026-08-20T14:33:46.000Z,nisha.g@upi,fresh@upi,612,false
TXN-NORMAL-100,2026-08-20T14:34:03.000Z,ishita.c@upi,merchant@upi,975,true
TXN-NORMAL-101,2026-08-20T14:34:20.000Z,arun.k@upi,market@upi,1550,false
TXN-NORMAL-102,2026-08-20T14:34:37.000Z,vikram.t@upi,cafe@upi,2250,false
TXN-NORMAL-103,2026-08-20T14:35:54.000Z,neel.a@upi,grocer@upi,899,false
TXN-NORMAL-104,2026-08-20T14:35:11.000Z,meera.s@upi,dairy@upi,1299,false
TXN-NORMAL-105,2026-08-20T14:35:28.000Z,pooja.m@upi,fuel@upi,3200,false
TXN-NORMAL-106,2026-08-20T14:36:45.000Z,tara.p@upi,repair@upi,286,false
TXN-NORMAL-107,2026-08-20T14:36:02.000Z,lakshmi.r@upi,utility@upi,499,false
TXN-NORMAL-108,2026-08-20T14:36:19.000Z,kiran.d@upi,vendor@upi,735,false
TXN-NORMAL-109,2026-08-20T14:37:36.000Z,zoya.h@upi,artisan@upi,1200,true
TXN-NORMAL-110,2026-08-20T14:37:53.000Z,dev.p@upi,local@upi,1840,false
TXN-NORMAL-111,2026-08-20T14:37:10.000Z,amit.v@upi,pharmacy@upi,2300,false
TXN-NORMAL-112,2026-08-20T14:38:27.000Z,suraj.m@upi,rent@upi,3575,false
TXN-NORMAL-113,2026-08-20T14:38:44.000Z,sana.j@upi,tailor@upi,4900,false
TXN-NORMAL-114,2026-08-20T14:38:01.000Z,farah.q@upi,school@upi,612,false
TXN-NORMAL-115,2026-08-20T14:39:18.000Z,anaya.d@upi,books@upi,975,false
TXN-NORMAL-116,2026-08-20T14:39:35.000Z,ravi.n@upi,clinic@upi,1550,false
TXN-NORMAL-117,2026-08-20T14:39:52.000Z,manoj.b@upi,family@upi,2250,false
TXN-NORMAL-118,2026-08-20T14:40:09.000Z,rohan.k@upi,travel@upi,899,true
TXN-NORMAL-119,2026-08-20T14:40:26.000Z,nisha.g@upi,fresh@upi,1299,false
TXN-NORMAL-120,2026-08-20T14:40:43.000Z,ishita.c@upi,merchant@upi,3200,false
TXN-NORMAL-121,2026-08-20T14:41:00.000Z,arun.k@upi,market@upi,286,false
TXN-NORMAL-122,2026-08-20T14:41:17.000Z,vikram.t@upi,cafe@upi,499,false
TXN-NORMAL-123,2026-08-20T14:41:34.000Z,neel.a@upi,grocer@upi,735,false
TXN-NORMAL-124,2026-08-20T14:42:51.000Z,meera.s@upi,dairy@upi,1200,false
TXN-NORMAL-125,2026-08-20T14:42:08.000Z,pooja.m@upi,fuel@upi,1840,false
TXN-NORMAL-126,2026-08-20T14:42:25.000Z,tara.p@upi,repair@upi,2300,false
TXN-NORMAL-127,2026-08-20T14:43:42.000Z,lakshmi.r@upi,utility@upi,3575,true
TXN-NORMAL-128,2026-08-20T14:43:59.000Z,kiran.d@upi,vendor@upi,4900,false
TXN-NORMAL-129,2026-08-20T14:43:16.000Z,zoya.h@upi,artisan@upi,612,false
TXN-NORMAL-130,2026-08-20T14:44:33.000Z,dev.p@upi,local@upi,975,false
TXN-NORMAL-131,2026-08-20T14:44:50.000Z,amit.v@upi,pharmacy@upi,1550,false
TXN-NORMAL-132,2026-08-20T14:44:07.000Z,suraj.m@upi,rent@upi,2250,false
TXN-NORMAL-133,2026-08-20T14:45:24.000Z,sana.j@upi,tailor@upi,899,false
TXN-NORMAL-134,2026-08-20T14:45:41.000Z,farah.q@upi,school@upi,1299,false
TXN-NORMAL-135,2026-08-20T14:45:58.000Z,anaya.d@upi,books@upi,3200,false
TXN-NORMAL-136,2026-08-20T14:46:15.000Z,ravi.n@upi,clinic@upi,286,true
TXN-NORMAL-137,2026-08-20T14:46:32.000Z,manoj.b@upi,family@upi,499,false
TXN-NORMAL-138,2026-08-20T14:46:49.000Z,rohan.k@upi,travel@upi,735,false
TXN-NORMAL-139,2026-08-20T14:47:06.000Z,nisha.g@upi,fresh@upi,1200,false
TXN-NORMAL-140,2026-08-20T14:47:23.000Z,ishita.c@upi,merchant@upi,1840,false
TXN-NORMAL-141,2026-08-20T14:47:40.000Z,arun.k@upi,market@upi,2300,false
TXN-NORMAL-142,2026-08-20T14:48:57.000Z,vikram.t@upi,cafe@upi,3575,false
TXN-NORMAL-143,2026-08-20T14:48:14.000Z,neel.a@upi,grocer@upi,4900,false
TXN-NORMAL-144,2026-08-20T14:48:31.000Z,meera.s@upi,dairy@upi,612,false
TXN-NORMAL-145,2026-08-20T14:49:48.000Z,pooja.m@upi,fuel@upi,975,true
TXN-NORMAL-146,2026-08-20T14:49:05.000Z,tara.p@upi,repair@upi,1550,false
TXN-NORMAL-147,2026-08-20T14:49:22.000Z,lakshmi.r@upi,utility@upi,2250,false
TXN-NORMAL-148,2026-08-20T14:50:39.000Z,kiran.d@upi,vendor@upi,899,false
TXN-NORMAL-149,2026-08-20T14:50:56.000Z,zoya.h@upi,artisan@upi,1299,false
TXN-NORMAL-150,2026-08-20T14:50:13.000Z,dev.p@upi,local@upi,3200,false
TXN-NORMAL-151,2026-08-20T14:51:30.000Z,amit.v@upi,pharmacy@upi,286,false
TXN-NORMAL-152,2026-08-20T14:51:47.000Z,suraj.m@upi,rent@upi,499,false
TXN-NORMAL-153,2026-08-20T14:51:04.000Z,sana.j@upi,tailor@upi,735,false
TXN-NORMAL-154,2026-08-20T14:52:21.000Z,farah.q@upi,school@upi,1200,true
TXN-NORMAL-155,2026-08-20T14:52:38.000Z,anaya.d@upi,books@upi,1840,false
TXN-NORMAL-156,2026-08-20T14:52:55.000Z,ravi.n@upi,clinic@upi,2300,false
TXN-NORMAL-157,2026-08-20T14:53:12.000Z,manoj.b@upi,family@upi,3575,false
TXN-NORMAL-158,2026-08-20T14:53:29.000Z,rohan.k@upi,travel@upi,4900,false
TXN-NORMAL-159,2026-08-20T14:53:46.000Z,nisha.g@upi,fresh@upi,612,false
TXN-NORMAL-160,2026-08-20T14:54:03.000Z,ishita.c@upi,merchant@upi,975,false
TXN-NORMAL-161,2026-08-20T14:54:20.000Z,arun.k@upi,market@upi,1550,false
TXN-NORMAL-162,2026-08-20T14:54:37.000Z,vikram.t@upi,cafe@upi,2250,false
TXN-NORMAL-163,2026-08-20T14:55:54.000Z,neel.a@upi,grocer@upi,899,true
TXN-NORMAL-164,2026-08-20T14:55:11.000Z,meera.s@upi,dairy@upi,1299,false
TXN-NORMAL-165,2026-08-20T14:55:28.000Z,pooja.m@upi,fuel@upi,3200,false
TXN-NORMAL-166,2026-08-20T14:56:45.000Z,tara.p@upi,repair@upi,286,false
TXN-NORMAL-167,2026-08-20T14:56:02.000Z,lakshmi.r@upi,utility@upi,499,false
TXN-NORMAL-168,2026-08-20T14:56:19.000Z,kiran.d@upi,vendor@upi,735,false
TXN-NORMAL-169,2026-08-20T14:57:36.000Z,zoya.h@upi,artisan@upi,1200,false
TXN-NORMAL-170,2026-08-20T14:57:53.000Z,dev.p@upi,local@upi,1840,false
TXN-NORMAL-171,2026-08-20T14:57:10.000Z,amit.v@upi,pharmacy@upi,2300,false
TXN-NORMAL-172,2026-08-20T14:58:27.000Z,suraj.m@upi,rent@upi,3575,true
TXN-NORMAL-173,2026-08-20T14:58:44.000Z,sana.j@upi,tailor@upi,4900,false
TXN-NORMAL-174,2026-08-20T14:58:01.000Z,farah.q@upi,school@upi,612,false
TXN-NORMAL-175,2026-08-20T14:59:18.000Z,anaya.d@upi,books@upi,975,false
TXN-NORMAL-176,2026-08-20T14:59:35.000Z,ravi.n@upi,clinic@upi,1550,false
TXN-NORMAL-177,2026-08-20T14:59:52.000Z,manoj.b@upi,family@upi,2250,false
TXN-NORMAL-178,2026-08-20T15:00:09.000Z,rohan.k@upi,travel@upi,899,false
TXN-NORMAL-179,2026-08-20T15:00:26.000Z,nisha.g@upi,fresh@upi,1299,false
TXN-NORMAL-180,2026-08-20T15:00:43.000Z,ishita.c@upi,merchant@upi,3200,false
TXN-NORMAL-181,2026-08-20T15:01:00.000Z,arun.k@upi,market@upi,286,true
TXN-NORMAL-182,2026-08-20T15:01:17.000Z,vikram.t@upi,cafe@upi,499,false
TXN-NORMAL-183,2026-08-20T15:01:34.000Z,neel.a@upi,grocer@upi,735,false
TXN-NORMAL-184,2026-08-20T15:02:51.000Z,meera.s@upi,dairy@upi,1200,false
TXN-NORMAL-185,2026-08-20T15:02:08.000Z,pooja.m@upi,fuel@upi,1840,false
TXN-NORMAL-186,2026-08-20T15:02:25.000Z,tara.p@upi,repair@upi,2300,false
TXN-NORMAL-187,2026-08-20T15:03:42.000Z,lakshmi.r@upi,utility@upi,3575,false
TXN-NORMAL-188,2026-08-20T15:03:59.000Z,kiran.d@upi,vendor@upi,4900,false
TXN-NORMAL-189,2026-08-20T15:03:16.000Z,zoya.h@upi,artisan@upi,612,false
TXN-NORMAL-190,2026-08-20T15:04:33.000Z,dev.p@upi,local@upi,975,true
TXN-NORMAL-191,2026-08-20T15:04:50.000Z,amit.v@upi,pharmacy@upi,1550,false
TXN-NORMAL-192,2026-08-20T15:04:07.000Z,suraj.m@upi,rent@upi,2250,false
TXN-NORMAL-193,2026-08-20T15:05:24.000Z,sana.j@upi,tailor@upi,899,false
TXN-NORMAL-194,2026-08-20T15:05:41.000Z,farah.q@upi,school@upi,1299,false
TXN-NORMAL-195,2026-08-20T15:05:58.000Z,anaya.d@upi,books@upi,3200,false
TXN-NORMAL-196,2026-08-20T15:06:15.000Z,ravi.n@upi,clinic@upi,286,false
TXN-NORMAL-197,2026-08-20T15:06:32.000Z,manoj.b@upi,family@upi,499,false
TXN-NORMAL-198,2026-08-20T15:06:49.000Z,rohan.k@upi,travel@upi,735,false
TXN-NORMAL-199,2026-08-20T15:07:06.000Z,nisha.g@upi,fresh@upi,1200,true
TXN-NORMAL-200,2026-08-20T15:07:23.000Z,ishita.c@upi,merchant@upi,1840,false
TXN-NORMAL-201,2026-08-20T15:07:40.000Z,arun.k@upi,market@upi,2300,false
TXN-NORMAL-202,2026-08-20T15:08:57.000Z,vikram.t@upi,cafe@upi,3575,false
TXN-NORMAL-203,2026-08-20T15:08:14.000Z,neel.a@upi,grocer@upi,4900,false
TXN-NORMAL-204,2026-08-20T15:08:31.000Z,meera.s@upi,dairy@upi,612,false
TXN-NORMAL-205,2026-08-20T15:09:48.000Z,pooja.m@upi,fuel@upi,975,false
TXN-NORMAL-206,2026-08-20T15:09:05.000Z,tara.p@upi,repair@upi,1550,false
TXN-NORMAL-207,2026-08-20T15:09:22.000Z,lakshmi.r@upi,utility@upi,2250,false
TXN-NORMAL-208,2026-08-20T15:10:39.000Z,kiran.d@upi,vendor@upi,899,true
TXN-NORMAL-209,2026-08-20T15:10:56.000Z,zoya.h@upi,artisan@upi,1299,false
TXN-NORMAL-210,2026-08-20T15:10:13.000Z,dev.p@upi,local@upi,3200,false
TXN-NORMAL-211,2026-08-20T15:11:30.000Z,amit.v@upi,pharmacy@upi,286,false
TXN-NORMAL-212,2026-08-20T15:11:47.000Z,suraj.m@upi,rent@upi,499,false
TXN-NORMAL-213,2026-08-20T15:11:04.000Z,sana.j@upi,tailor@upi,735,false
TXN-NORMAL-214,2026-08-20T15:12:21.000Z,farah.q@upi,school@upi,1200,false
TXN-NORMAL-215,2026-08-20T15:12:38.000Z,anaya.d@upi,books@upi,1840,false
TXN-NORMAL-216,2026-08-20T15:12:55.000Z,ravi.n@upi,clinic@upi,2300,false
TXN-NORMAL-217,2026-08-20T15:13:12.000Z,manoj.b@upi,family@upi,3575,true
TXN-NORMAL-218,2026-08-20T15:13:29.000Z,rohan.k@upi,travel@upi,4900,false
TXN-NORMAL-219,2026-08-20T15:13:46.000Z,nisha.g@upi,fresh@upi,612,false
TXN-NORMAL-220,2026-08-20T15:14:03.000Z,ishita.c@upi,merchant@upi,975,false
TXN-NORMAL-221,2026-08-20T15:14:20.000Z,arun.k@upi,market@upi,1550,false
TXN-NORMAL-222,2026-08-20T15:14:37.000Z,vikram.t@upi,cafe@upi,2250,false
TXN-NORMAL-223,2026-08-20T15:15:54.000Z,neel.a@upi,grocer@upi,899,false
TXN-NORMAL-224,2026-08-20T15:15:11.000Z,meera.s@upi,dairy@upi,1299,false
TXN-NORMAL-225,2026-08-20T15:15:28.000Z,pooja.m@upi,fuel@upi,3200,false
TXN-NORMAL-226,2026-08-20T15:16:45.000Z,tara.p@upi,repair@upi,286,true
TXN-NORMAL-227,2026-08-20T15:16:02.000Z,lakshmi.r@upi,utility@upi,499,false
TXN-NORMAL-228,2026-08-20T15:16:19.000Z,kiran.d@upi,vendor@upi,735,false
TXN-NORMAL-229,2026-08-20T15:17:36.000Z,zoya.h@upi,artisan@upi,1200,false
TXN-NORMAL-230,2026-08-20T15:17:53.000Z,dev.p@upi,local@upi,1840,false
TXN-NORMAL-231,2026-08-20T15:17:10.000Z,amit.v@upi,pharmacy@upi,2300,false
TXN-NORMAL-232,2026-08-20T15:18:27.000Z,suraj.m@upi,rent@upi,3575,false
TXN-NORMAL-233,2026-08-20T15:18:44.000Z,sana.j@upi,tailor@upi,4900,false
TXN-NORMAL-234,2026-08-20T15:18:01.000Z,farah.q@upi,school@upi,612,false
TXN-NORMAL-235,2026-08-20T15:19:18.000Z,anaya.d@upi,books@upi,975,true
TXN-NORMAL-236,2026-08-20T15:19:35.000Z,ravi.n@upi,clinic@upi,1550,false
TXN-NORMAL-237,2026-08-20T15:19:52.000Z,manoj.b@upi,family@upi,2250,false
TXN-NORMAL-238,2026-08-20T15:20:09.000Z,rohan.k@upi,travel@upi,899,false
TXN-NORMAL-239,2026-08-20T15:20:26.000Z,nisha.g@upi,fresh@upi,1299,false
TXN-NORMAL-240,2026-08-20T15:20:43.000Z,ishita.c@upi,merchant@upi,3200,false
TXN-NORMAL-241,2026-08-20T15:21:00.000Z,arun.k@upi,market@upi,286,false
TXN-NORMAL-242,2026-08-20T15:21:17.000Z,vikram.t@upi,cafe@upi,499,false
TXN-NORMAL-243,2026-08-20T15:21:34.000Z,neel.a@upi,grocer@upi,735,false
TXN-NORMAL-244,2026-08-20T15:22:51.000Z,meera.s@upi,dairy@upi,1200,true
TXN-NORMAL-245,2026-08-20T15:22:08.000Z,pooja.m@upi,fuel@upi,1840,false
TXN-NORMAL-246,2026-08-20T15:22:25.000Z,tara.p@upi,repair@upi,2300,false
TXN-NORMAL-247,2026-08-20T15:23:42.000Z,lakshmi.r@upi,utility@upi,3575,false
TXN-NORMAL-248,2026-08-20T15:23:59.000Z,kiran.d@upi,vendor@upi,4900,false
TXN-NORMAL-249,2026-08-20T15:23:16.000Z,zoya.h@upi,artisan@upi,612,false
TXN-NORMAL-250,2026-08-20T15:24:33.000Z,dev.p@upi,local@upi,975,false
TXN-NORMAL-251,2026-08-20T15:24:50.000Z,amit.v@upi,pharmacy@upi,1550,false
TXN-NORMAL-252,2026-08-20T15:24:07.000Z,suraj.m@upi,rent@upi,2250,false
TXN-NORMAL-253,2026-08-20T15:25:24.000Z,sana.j@upi,tailor@upi,899,true
TXN-NORMAL-254,2026-08-20T15:25:41.000Z,farah.q@upi,school@upi,1299,false
TXN-NORMAL-255,2026-08-20T15:25:58.000Z,anaya.d@upi,books@upi,3200,false
TXN-NORMAL-256,2026-08-20T15:26:15.000Z,ravi.n@upi,clinic@upi,286,false
TXN-NORMAL-257,2026-08-20T15:26:32.000Z,manoj.b@upi,family@upi,499,false
TXN-NORMAL-258,2026-08-20T15:26:49.000Z,rohan.k@upi,travel@upi,735,false
TXN-NORMAL-259,2026-08-20T15:27:06.000Z,nisha.g@upi,fresh@upi,1200,false
TXN-NORMAL-260,2026-08-20T15:27:23.000Z,ishita.c@upi,merchant@upi,1840,false
TXN-NORMAL-261,2026-08-20T15:27:40.000Z,arun.k@upi,market@upi,2300,false
TXN-NORMAL-262,2026-08-20T15:28:57.000Z,vikram.t@upi,cafe@upi,3575,true
TXN-NORMAL-263,2026-08-20T15:28:14.000Z,neel.a@upi,grocer@upi,4900,false
TXN-NORMAL-264,2026-08-20T15:28:31.000Z,meera.s@upi,dairy@upi,612,false
TXN-NORMAL-265,2026-08-20T15:29:48.000Z,pooja.m@upi,fuel@upi,975,false
TXN-NORMAL-266,2026-08-20T15:29:05.000Z,tara.p@upi,repair@upi,1550,false
TXN-NORMAL-267,2026-08-20T15:29:22.000Z,lakshmi.r@upi,utility@upi,2250,false
TXN-NORMAL-268,2026-08-20T15:30:39.000Z,kiran.d@upi,vendor@upi,899,false
TXN-NORMAL-269,2026-08-20T15:30:56.000Z,zoya.h@upi,artisan@upi,1299,false
TXN-NORMAL-270,2026-08-20T15:30:13.000Z,dev.p@upi,local@upi,3200,false
TXN-NORMAL-271,2026-08-20T15:31:30.000Z,amit.v@upi,pharmacy@upi,286,true
TXN-NORMAL-272,2026-08-20T15:31:47.000Z,suraj.m@upi,rent@upi,499,false
TXN-NORMAL-273,2026-08-20T15:31:04.000Z,sana.j@upi,tailor@upi,735,false
TXN-NORMAL-274,2026-08-20T15:32:21.000Z,farah.q@upi,school@upi,1200,false
TXN-NORMAL-275,2026-08-20T15:32:38.000Z,anaya.d@upi,books@upi,1840,false
TXN-NORMAL-276,2026-08-20T15:32:55.000Z,ravi.n@upi,clinic@upi,2300,false
TXN-NORMAL-277,2026-08-20T15:33:12.000Z,manoj.b@upi,family@upi,3575,false
TXN-NORMAL-278,2026-08-20T15:33:29.000Z,rohan.k@upi,travel@upi,4900,false
TXN-NORMAL-279,2026-08-20T15:33:46.000Z,nisha.g@upi,fresh@upi,612,false
TXN-NORMAL-280,2026-08-20T15:34:03.000Z,ishita.c@upi,merchant@upi,975,true
TXN-NORMAL-281,2026-08-20T15:34:20.000Z,arun.k@upi,market@upi,1550,false
TXN-NORMAL-282,2026-08-20T15:34:37.000Z,vikram.t@upi,cafe@upi,2250,false
TXN-NORMAL-283,2026-08-20T15:35:54.000Z,neel.a@upi,grocer@upi,899,false
TXN-NORMAL-284,2026-08-20T15:35:11.000Z,meera.s@upi,dairy@upi,1299,false
TXN-NORMAL-285,2026-08-20T15:35:28.000Z,pooja.m@upi,fuel@upi,3200,false
TXN-NORMAL-286,2026-08-20T15:36:45.000Z,tara.p@upi,repair@upi,286,false
TXN-NORMAL-287,2026-08-20T15:36:02.000Z,lakshmi.r@upi,utility@upi,499,false
TXN-NORMAL-288,2026-08-20T15:36:19.000Z,kiran.d@upi,vendor@upi,735,false
TXN-NORMAL-289,2026-08-20T15:37:36.000Z,zoya.h@upi,artisan@upi,1200,true
TXN-NORMAL-290,2026-08-20T15:37:53.000Z,dev.p@upi,local@upi,1840,false
TXN-NORMAL-291,2026-08-20T15:37:10.000Z,amit.v@upi,pharmacy@upi,2300,false
TXN-NORMAL-292,2026-08-20T15:38:27.000Z,suraj.m@upi,rent@upi,3575,false
TXN-NORMAL-293,2026-08-20T15:38:44.000Z,sana.j@upi,tailor@upi,4900,false
TXN-NORMAL-294,2026-08-20T15:38:01.000Z,farah.q@upi,school@upi,612,false
TXN-NORMAL-295,2026-08-20T15:39:18.000Z,anaya.d@upi,books@upi,975,false
TXN-NORMAL-296,2026-08-20T15:39:35.000Z,ravi.n@upi,clinic@upi,1550,false
TXN-NORMAL-297,2026-08-20T15:39:52.000Z,manoj.b@upi,family@upi,2250,false
TXN-NORMAL-298,2026-08-20T15:40:09.000Z,rohan.k@upi,travel@upi,899,true
TXN-NORMAL-299,2026-08-20T15:40:26.000Z,nisha.g@upi,fresh@upi,1299,false
TXN-NORMAL-300,2026-08-20T15:40:43.000Z,ishita.c@upi,merchant@upi,3200,false
TXN-NORMAL-301,2026-08-20T15:41:00.000Z,arun.k@upi,market@upi,286,false
TXN-NORMAL-302,2026-08-20T15:41:17.000Z,vikram.t@upi,cafe@upi,499,false
TXN-NORMAL-303,2026-08-20T15:41:34.000Z,neel.a@upi,grocer@upi,735,false
TXN-NORMAL-304,2026-08-20T15:42:51.000Z,meera.s@upi,dairy@upi,1200,false
TXN-NORMAL-305,2026-08-20T15:42:08.000Z,pooja.m@upi,fuel@upi,1840,false
TXN-NORMAL-306,2026-08-20T15:42:25.000Z,tara.p@upi,repair@upi,2300,false
TXN-NORMAL-307,2026-08-20T15:43:42.000Z,lakshmi.r@upi,utility@upi,3575,true
TXN-NORMAL-308,2026-08-20T15:43:59.000Z,kiran.d@upi,vendor@upi,4900,false
TXN-NORMAL-309,2026-08-20T15:43:16.000Z,zoya.h@upi,artisan@upi,612,false
TXN-NORMAL-310,2026-08-20T15:44:33.000Z,dev.p@upi,local@upi,975,false
TXN-NORMAL-311,2026-08-20T15:44:50.000Z,amit.v@upi,pharmacy@upi,1550,false
TXN-NORMAL-312,2026-08-20T15:44:07.000Z,suraj.m@upi,rent@upi,2250,false
TXN-NORMAL-313,2026-08-20T15:45:24.000Z,sana.j@upi,tailor@upi,899,false
TXN-NORMAL-314,2026-08-20T15:45:41.000Z,farah.q@upi,school@upi,1299,false
TXN-NORMAL-315,2026-08-20T15:45:58.000Z,anaya.d@upi,books@upi,3200,false
TXN-NORMAL-316,2026-08-20T15:46:15.000Z,ravi.n@upi,clinic@upi,286,true
TXN-NORMAL-317,2026-08-20T15:46:32.000Z,manoj.b@upi,family@upi,499,false
TXN-NORMAL-318,2026-08-20T15:46:49.000Z,rohan.k@upi,travel@upi,735,false
TXN-NORMAL-319,2026-08-20T15:47:06.000Z,nisha.g@upi,fresh@upi,1200,false
TXN-NORMAL-320,2026-08-20T15:47:23.000Z,ishita.c@upi,merchant@upi,1840,false
TXN-NORMAL-321,2026-08-20T15:47:40.000Z,arun.k@upi,market@upi,2300,false
TXN-NORMAL-322,2026-08-20T15:48:57.000Z,vikram.t@upi,cafe@upi,3575,false
TXN-NORMAL-323,2026-08-20T15:48:14.000Z,neel.a@upi,grocer@upi,4900,false
TXN-NORMAL-324,2026-08-20T15:48:31.000Z,meera.s@upi,dairy@upi,612,false
TXN-NORMAL-325,2026-08-20T15:49:48.000Z,pooja.m@upi,fuel@upi,975,true
TXN-NORMAL-326,2026-08-20T15:49:05.000Z,tara.p@upi,repair@upi,1550,false
TXN-NORMAL-327,2026-08-20T15:49:22.000Z,lakshmi.r@upi,utility@upi,2250,false
TXN-NORMAL-328,2026-08-20T15:50:39.000Z,kiran.d@upi,vendor@upi,899,false
TXN-NORMAL-329,2026-08-20T15:50:56.000Z,zoya.h@upi,artisan@upi,1299,false
TXN-NORMAL-330,2026-08-20T15:50:13.000Z,dev.p@upi,local@upi,3200,false
TXN-NORMAL-331,2026-08-20T15:51:30.000Z,amit.v@upi,pharmacy@upi,286,false
TXN-NORMAL-332,2026-08-20T15:51:47.000Z,suraj.m@upi,rent@upi,499,false
TXN-NORMAL-333,2026-08-20T15:51:04.000Z,sana.j@upi,tailor@upi,735,false
TXN-NORMAL-334,2026-08-20T15:52:21.000Z,farah.q@upi,school@upi,1200,true
TXN-NORMAL-335,2026-08-20T15:52:38.000Z,anaya.d@upi,books@upi,1840,false
TXN-NORMAL-336,2026-08-20T15:52:55.000Z,ravi.n@upi,clinic@upi,2300,false
TXN-NORMAL-337,2026-08-20T15:53:12.000Z,manoj.b@upi,family@upi,3575,false
TXN-NORMAL-338,2026-08-20T15:53:29.000Z,rohan.k@upi,travel@upi,4900,false
TXN-NORMAL-339,2026-08-20T15:53:46.000Z,nisha.g@upi,fresh@upi,612,false
TXN-NORMAL-340,2026-08-20T15:54:03.000Z,ishita.c@upi,merchant@upi,975,false
TXN-NORMAL-341,2026-08-20T15:54:20.000Z,arun.k@upi,market@upi,1550,false
TXN-NORMAL-342,2026-08-20T15:54:37.000Z,vikram.t@upi,cafe@upi,2250,false
TXN-NORMAL-343,2026-08-20T15:55:54.000Z,neel.a@upi,grocer@upi,899,true
TXN-NORMAL-344,2026-08-20T15:55:11.000Z,meera.s@upi,dairy@upi,1299,false
TXN-NORMAL-345,2026-08-20T15:55:28.000Z,pooja.m@upi,fuel@upi,3200,false
TXN-NORMAL-346,2026-08-20T15:56:45.000Z,tara.p@upi,repair@upi,286,false
TXN-NORMAL-347,2026-08-20T15:56:02.000Z,lakshmi.r@upi,utility@upi,499,false
TXN-NORMAL-348,2026-08-20T15:56:19.000Z,kiran.d@upi,vendor@upi,735,false
TXN-NORMAL-349,2026-08-20T15:57:36.000Z,zoya.h@upi,artisan@upi,1200,false
TXN-NORMAL-350,2026-08-20T15:57:53.000Z,dev.p@upi,local@upi,1840,false
TXN-NORMAL-351,2026-08-20T15:57:10.000Z,amit.v@upi,pharmacy@upi,2300,false
TXN-NORMAL-352,2026-08-20T15:58:27.000Z,suraj.m@upi,rent@upi,3575,true
TXN-NORMAL-353,2026-08-20T15:58:44.000Z,sana.j@upi,tailor@upi,4900,false
TXN-NORMAL-354,2026-08-20T15:58:01.000Z,farah.q@upi,school@upi,612,false
TXN-NORMAL-355,2026-08-20T15:59:18.000Z,anaya.d@upi,books@upi,975,false
TXN-NORMAL-356,2026-08-20T15:59:35.000Z,ravi.n@upi,clinic@upi,1550,false
TXN-NORMAL-357,2026-08-20T15:59:52.000Z,manoj.b@upi,family@upi,2250,false
TXN-NORMAL-358,2026-08-20T16:00:09.000Z,rohan.k@upi,travel@upi,899,false
TXN-NORMAL-359,2026-08-20T16:00:26.000Z,nisha.g@upi,fresh@upi,1299,false
TXN-NORMAL-360,2026-08-20T16:00:43.000Z,ishita.c@upi,merchant@upi,3200,false
TXN-NORMAL-361,2026-08-20T16:01:00.000Z,arun.k@upi,market@upi,286,true
TXN-NORMAL-362,2026-08-20T16:01:17.000Z,vikram.t@upi,cafe@upi,499,false
TXN-NORMAL-363,2026-08-20T16:01:34.000Z,neel.a@upi,grocer@upi,735,false
TXN-NORMAL-364,2026-08-20T16:02:51.000Z,meera.s@upi,dairy@upi,1200,false
TXN-NORMAL-365,2026-08-20T16:02:08.000Z,pooja.m@upi,fuel@upi,1840,false
TXN-NORMAL-366,2026-08-20T16:02:25.000Z,tara.p@upi,repair@upi,2300,false
TXN-NORMAL-367,2026-08-20T16:03:42.000Z,lakshmi.r@upi,utility@upi,3575,false
TXN-NORMAL-368,2026-08-20T16:03:59.000Z,kiran.d@upi,vendor@upi,4900,false
TXN-NORMAL-369,2026-08-20T16:03:16.000Z,zoya.h@upi,artisan@upi,612,false
TXN-NORMAL-370,2026-08-20T16:04:33.000Z,dev.p@upi,local@upi,975,true
TXN-NORMAL-371,2026-08-20T16:04:50.000Z,amit.v@upi,pharmacy@upi,1550,false
TXN-NORMAL-372,2026-08-20T16:04:07.000Z,suraj.m@upi,rent@upi,2250,false
TXN-NORMAL-373,2026-08-20T16:05:24.000Z,sana.j@upi,tailor@upi,899,false
TXN-NORMAL-374,2026-08-20T16:05:41.000Z,farah.q@upi,school@upi,1299,false
TXN-NORMAL-375,2026-08-20T16:05:58.000Z,anaya.d@upi,books@upi,3200,false
TXN-NORMAL-376,2026-08-20T16:06:15.000Z,ravi.n@upi,clinic@upi,286,false
TXN-NORMAL-377,2026-08-20T16:06:32.000Z,manoj.b@upi,family@upi,499,false
TXN-NORMAL-378,2026-08-20T16:06:49.000Z,rohan.k@upi,travel@upi,735,false
TXN-NORMAL-379,2026-08-20T16:07:06.000Z,nisha.g@upi,fresh@upi,1200,true
TXN-NORMAL-380,2026-08-20T16:07:23.000Z,ishita.c@upi,merchant@upi,1840,false
TXN-NORMAL-381,2026-08-20T16:07:40.000Z,arun.k@upi,market@upi,2300,false
TXN-NORMAL-382,2026-08-20T16:08:57.000Z,vikram.t@upi,cafe@upi,3575,false
TXN-NORMAL-383,2026-08-20T16:08:14.000Z,neel.a@upi,grocer@upi,4900,false
TXN-NORMAL-384,2026-08-20T16:08:31.000Z,meera.s@upi,dairy@upi,612,false
TXN-NORMAL-385,2026-08-20T16:09:48.000Z,pooja.m@upi,fuel@upi,975,false
TXN-NORMAL-386,2026-08-20T16:09:05.000Z,tara.p@upi,repair@upi,1550,false
TXN-NORMAL-387,2026-08-20T16:09:22.000Z,lakshmi.r@upi,utility@upi,2250,false
TXN-NORMAL-388,2026-08-20T16:10:39.000Z,kiran.d@upi,vendor@upi,899,true
TXN-NORMAL-389,2026-08-20T16:10:56.000Z,zoya.h@upi,artisan@upi,1299,false
TXN-NORMAL-390,2026-08-20T16:10:13.000Z,dev.p@upi,local@upi,3200,false
TXN-NORMAL-391,2026-08-20T16:11:30.000Z,amit.v@upi,pharmacy@upi,286,false
TXN-NORMAL-392,2026-08-20T16:11:47.000Z,suraj.m@upi,rent@upi,499,false
TXN-NORMAL-393,2026-08-20T16:11:04.000Z,sana.j@upi,tailor@upi,735,false
TXN-NORMAL-394,2026-08-20T16:12:21.000Z,farah.q@upi,school@upi,1200,false
TXN-NORMAL-395,2026-08-20T16:12:38.000Z,anaya.d@upi,books@upi,1840,false
TXN-NORMAL-396,2026-08-20T16:12:55.000Z,ravi.n@upi,clinic@upi,2300,false
TXN-NORMAL-397,2026-08-20T16:13:12.000Z,manoj.b@upi,family@upi,3575,true
TXN-NORMAL-398,2026-08-20T16:13:29.000Z,rohan.k@upi,travel@upi,4900,false
TXN-NORMAL-399,2026-08-20T16:13:46.000Z,nisha.g@upi,fresh@upi,612,false
TXN-NORMAL-400,2026-08-20T16:14:03.000Z,ishita.c@upi,merchant@upi,975,false
TXN-NORMAL-401,2026-08-20T16:14:20.000Z,arun.k@upi,market@upi,1550,false
TXN-NORMAL-402,2026-08-20T16:14:37.000Z,vikram.t@upi,cafe@upi,2250,false
TXN-NORMAL-403,2026-08-20T16:15:54.000Z,neel.a@upi,grocer@upi,899,false
TXN-NORMAL-404,2026-08-20T16:15:11.000Z,meera.s@upi,dairy@upi,1299,false
TXN-NORMAL-405,2026-08-20T16:15:28.000Z,pooja.m@upi,fuel@upi,3200,false
TXN-NORMAL-406,2026-08-20T16:16:45.000Z,tara.p@upi,repair@upi,286,true
TXN-NORMAL-407,2026-08-20T16:16:02.000Z,lakshmi.r@upi,utility@upi,499,false
TXN-NORMAL-408,2026-08-20T16:16:19.000Z,kiran.d@upi,vendor@upi,735,false
TXN-NORMAL-409,2026-08-20T16:17:36.000Z,zoya.h@upi,artisan@upi,1200,false
TXN-NORMAL-410,2026-08-20T16:17:53.000Z,dev.p@upi,local@upi,1840,false
TXN-NORMAL-411,2026-08-20T16:17:10.000Z,amit.v@upi,pharmacy@upi,2300,false
TXN-NORMAL-412,2026-08-20T16:18:27.000Z,suraj.m@upi,rent@upi,3575,false
TXN-NORMAL-413,2026-08-20T16:18:44.000Z,sana.j@upi,tailor@upi,4900,false
TXN-NORMAL-414,2026-08-20T16:18:01.000Z,farah.q@upi,school@upi,612,false
TXN-NORMAL-415,2026-08-20T16:19:18.000Z,anaya.d@upi,books@upi,975,true
TXN-NORMAL-416,2026-08-20T16:19:35.000Z,ravi.n@upi,clinic@upi,1550,false
TXN-NORMAL-417,2026-08-20T16:19:52.000Z,manoj.b@upi,family@upi,2250,false
TXN-NORMAL-418,2026-08-20T16:20:09.000Z,rohan.k@upi,travel@upi,899,false
TXN-NORMAL-419,2026-08-20T16:20:26.000Z,nisha.g@upi,fresh@upi,1299,false
TXN-NORMAL-420,2026-08-20T16:20:43.000Z,ishita.c@upi,merchant@upi,3200,false
TXN-NORMAL-421,2026-08-20T16:21:00.000Z,arun.k@upi,market@upi,286,false
TXN-NORMAL-422,2026-08-20T16:21:17.000Z,vikram.t@upi,cafe@upi,499,false
TXN-NORMAL-423,2026-08-20T16:21:34.000Z,neel.a@upi,grocer@upi,735,false
TXN-NORMAL-424,2026-08-20T16:22:51.000Z,meera.s@upi,dairy@upi,1200,true
TXN-NORMAL-425,2026-08-20T16:22:08.000Z,pooja.m@upi,fuel@upi,1840,false
TXN-NORMAL-426,2026-08-20T16:22:25.000Z,tara.p@upi,repair@upi,2300,false
TXN-NORMAL-427,2026-08-20T16:23:42.000Z,lakshmi.r@upi,utility@upi,3575,false
TXN-NORMAL-428,2026-08-20T16:23:59.000Z,kiran.d@upi,vendor@upi,4900,false
TXN-NORMAL-429,2026-08-20T16:23:16.000Z,zoya.h@upi,artisan@upi,612,false
TXN-NORMAL-430,2026-08-20T16:24:33.000Z,dev.p@upi,local@upi,975,false
TXN-NORMAL-431,2026-08-20T16:24:50.000Z,amit.v@upi,pharmacy@upi,1550,false
TXN-NORMAL-432,2026-08-20T16:24:07.000Z,suraj.m@upi,rent@upi,2250,false
TXN-NORMAL-433,2026-08-20T16:25:24.000Z,sana.j@upi,tailor@upi,899,true
TXN-NORMAL-434,2026-08-20T16:25:41.000Z,farah.q@upi,school@upi,1299,false
TXN-NORMAL-435,2026-08-20T16:25:58.000Z,anaya.d@upi,books@upi,3200,false
TXN-NORMAL-436,2026-08-20T16:26:15.000Z,ravi.n@upi,clinic@upi,286,false
TXN-NORMAL-437,2026-08-20T16:26:32.000Z,manoj.b@upi,family@upi,499,false
TXN-NORMAL-438,2026-08-20T16:26:49.000Z,rohan.k@upi,travel@upi,735,false
TXN-NORMAL-439,2026-08-20T16:27:06.000Z,nisha.g@upi,fresh@upi,1200,false
TXN-NORMAL-440,2026-08-20T16:27:23.000Z,ishita.c@upi,merchant@upi,1840,false
TXN-NORMAL-441,2026-08-20T16:27:40.000Z,arun.k@upi,market@upi,2300,false
TXN-NORMAL-442,2026-08-20T16:28:57.000Z,vikram.t@upi,cafe@upi,3575,true
TXN-NORMAL-443,2026-08-20T16:28:14.000Z,neel.a@upi,grocer@upi,4900,false
TXN-NORMAL-444,2026-08-20T16:28:31.000Z,meera.s@upi,dairy@upi,612,false
TXN-NORMAL-445,2026-08-20T16:29:48.000Z,pooja.m@upi,fuel@upi,975,false
TXN-NORMAL-446,2026-08-20T16:29:05.000Z,tara.p@upi,repair@upi,1550,false
TXN-NORMAL-447,2026-08-20T16:29:22.000Z,lakshmi.r@upi,utility@upi,2250,false
TXN-NORMAL-448,2026-08-20T16:30:39.000Z,kiran.d@upi,vendor@upi,899,false
TXN-NORMAL-449,2026-08-20T16:30:56.000Z,zoya.h@upi,artisan@upi,1299,false
TXN-NORMAL-450,2026-08-20T16:30:13.000Z,dev.p@upi,local@upi,3200,false
TXN-NORMAL-451,2026-08-20T16:31:30.000Z,amit.v@upi,pharmacy@upi,286,true
TXN-NORMAL-452,2026-08-20T16:31:47.000Z,suraj.m@upi,rent@upi,499,false
TXN-NORMAL-453,2026-08-20T16:31:04.000Z,sana.j@upi,tailor@upi,735,false
TXN-NORMAL-454,2026-08-20T16:32:21.000Z,farah.q@upi,school@upi,1200,false
TXN-NORMAL-455,2026-08-20T16:32:38.000Z,anaya.d@upi,books@upi,1840,false
TXN-NORMAL-456,2026-08-20T16:32:55.000Z,ravi.n@upi,clinic@upi,2300,false
TXN-NORMAL-457,2026-08-20T16:33:12.000Z,manoj.b@upi,family@upi,3575,false
TXN-NORMAL-458,2026-08-20T16:33:29.000Z,rohan.k@upi,travel@upi,4900,false
TXN-NORMAL-459,2026-08-20T16:33:46.000Z,nisha.g@upi,fresh@upi,612,false
TXN-NORMAL-460,2026-08-20T16:34:03.000Z,ishita.c@upi,merchant@upi,975,true
TXN-NORMAL-461,2026-08-20T16:34:20.000Z,arun.k@upi,market@upi,1550,false
TXN-NORMAL-462,2026-08-20T16:34:37.000Z,vikram.t@upi,cafe@upi,2250,false
TXN-NORMAL-463,2026-08-20T16:35:54.000Z,neel.a@upi,grocer@upi,899,false
TXN-NORMAL-464,2026-08-20T16:35:11.000Z,meera.s@upi,dairy@upi,1299,false
TXN-NORMAL-465,2026-08-20T16:35:28.000Z,pooja.m@upi,fuel@upi,3200,false
TXN-NORMAL-466,2026-08-20T16:36:45.000Z,tara.p@upi,repair@upi,286,false
TXN-NORMAL-467,2026-08-20T16:36:02.000Z,lakshmi.r@upi,utility@upi,499,false
TXN-NORMAL-468,2026-08-20T16:36:19.000Z,kiran.d@upi,vendor@upi,735,false
TXN-NORMAL-469,2026-08-20T16:37:36.000Z,zoya.h@upi,artisan@upi,1200,true
TXN-NORMAL-470,2026-08-20T16:37:53.000Z,dev.p@upi,local@upi,1840,false
TXN-NORMAL-471,2026-08-20T16:37:10.000Z,amit.v@upi,pharmacy@upi,2300,false
TXN-NORMAL-472,2026-08-20T16:38:27.000Z,suraj.m@upi,rent@upi,3575,false
TXN-NORMAL-473,2026-08-20T16:38:44.000Z,sana.j@upi,tailor@upi,4900,false
TXN-NORMAL-474,2026-08-20T16:38:01.000Z,farah.q@upi,school@upi,612,false
TXN-NORMAL-475,2026-08-20T16:39:18.000Z,anaya.d@upi,books@upi,975,false
TXN-NORMAL-476,2026-08-20T16:39:35.000Z,ravi.n@upi,clinic@upi,1550,false
TXN-NORMAL-477,2026-08-20T16:39:52.000Z,manoj.b@upi,family@upi,2250,false
TXN-NORMAL-478,2026-08-20T16:40:09.000Z,rohan.k@upi,travel@upi,899,true
TXN-NORMAL-479,2026-08-20T16:40:26.000Z,nisha.g@upi,fresh@upi,1299,false
TXN-NORMAL-480,2026-08-20T16:40:43.000Z,ishita.c@upi,merchant@upi,3200,false
TXN-NORMAL-481,2026-08-20T16:41:00.000Z,arun.k@upi,market@upi,286,false
TXN-NORMAL-482,2026-08-20T16:41:17.000Z,vikram.t@upi,cafe@upi,499,false
TXN-NORMAL-483,2026-08-20T16:41:34.000Z,neel.a@upi,grocer@upi,735,false
TXN-NORMAL-484,2026-08-20T16:42:51.000Z,meera.s@upi,dairy@upi,1200,false
TXN-NORMAL-485,2026-08-20T16:42:08.000Z,pooja.m@upi,fuel@upi,1840,false
TXN-NORMAL-486,2026-08-20T16:42:25.000Z,tara.p@upi,repair@upi,2300,false
TXN-NORMAL-487,2026-08-20T16:43:42.000Z,lakshmi.r@upi,utility@upi,3575,true
TXN-NORMAL-488,2026-08-20T16:43:59.000Z,kiran.d@upi,vendor@upi,4900,false
TXN-NORMAL-489,2026-08-20T16:43:16.000Z,zoya.h@upi,artisan@upi,612,false
TXN-NORMAL-490,2026-08-20T16:44:33.000Z,dev.p@upi,local@upi,975,false
TXN-NORMAL-491,2026-08-20T16:44:50.000Z,amit.v@upi,pharmacy@upi,1550,false
TXN-NORMAL-492,2026-08-20T16:44:07.000Z,suraj.m@upi,rent@upi,2250,false
